{"cameraMode":{"drawMode":0,"name":"Shaded","section":"Shading Mode"},"sceneLighting":false,"audioPlay":false,"sceneViewState":{"showFog":true,"showMaterialUpdate":false,"showSkybox":true,"showFlares":true,"showImageEffects":true,"showParticleSystems":true},"in2DMode":false,"pivot":{"x":0.4300000071525574,"y":0.5699999332427979,"z":6.21999979019165},"rotation":{"x":0.7290261387825012,"y":1.897248580462474e-9,"z":-9.678815970914912e-9,"w":0.684485912322998},"size":3.8443307876586916,"orthographic":true}